<?xml version="1.0" encoding="UTF-8"?>
<project-private xmlns="http://www.netbeans.org/ns/project-private/1">
    <editor-bookmarks xmlns="http://www.netbeans.org/ns/editor-bookmarks/2" lastBookmarkId="0"/>
    <open-files xmlns="http://www.netbeans.org/ns/projectui-open-files/2">
        <group>
            <file>file:/C:/Users/aryan/Documents/NetBeansProjects/Pharmacy%20Management%20System/src/UpdateUser.java</file>
            <file>file:/C:/Users/aryan/Documents/NetBeansProjects/Pharmacy%20Management%20System/src/dao/Tables.java</file>
            <file>file:/C:/Users/aryan/Documents/NetBeansProjects/Pharmacy%20Management%20System/src/SellMedicine.java</file>
            <file>file:/C:/Users/aryan/Documents/NetBeansProjects/Pharmacy%20Management%20System/src/Login.java</file>
            <file>file:/C:/Users/aryan/Documents/NetBeansProjects/Pharmacy%20Management%20System/src/AddUser.java</file>
            <file>file:/C:/Users/aryan/Documents/NetBeansProjects/Pharmacy%20Management%20System/src/common/OpenPdf.java</file>
            <file>file:/C:/Users/aryan/Documents/NetBeansProjects/Pharmacy%20Management%20System/src/ViewMedicine.java</file>
            <file>file:/C:/Users/aryan/Documents/NetBeansProjects/Pharmacy%20Management%20System/src/dao/PharmacyUtils.java</file>
            <file>file:/C:/Users/aryan/Documents/NetBeansProjects/Pharmacy%20Management%20System/src/Admindashboard.java</file>
            <file>file:/C:/Users/aryan/Documents/NetBeansProjects/Pharmacy%20Management%20System/src/ViewUser.java</file>
            <file>file:/C:/Users/aryan/Documents/NetBeansProjects/Pharmacy%20Management%20System/src/PharmacistDashboard.java</file>
            <file>file:/C:/Users/aryan/Documents/NetBeansProjects/Pharmacy%20Management%20System/src/AddMedicine.java</file>
            <file>file:/C:/Users/aryan/Documents/NetBeansProjects/Pharmacy%20Management%20System/src/UpdateMedicine.java</file>
        </group>
    </open-files>
</project-private>
